gamma,w,PI
15.2,74.4,20.4
14.9,78.4,34.2
14.86250955,44.42056396,26.2
14.99187335,69.94963626,33.5
14.90279298,70.70049394,30.1
17.5,51.5,16.5
18.1,39.4,18.4
16.1,53.4,18.4
17,50.4,26.9
17,46.8,29.3
18.8,32.9,16.8
16.8,57.3,27.6
15.4069588,66.72077922,31.7
15.8,68.1,30.2
15.99356031,64.40009855,26.7
15.8,53.4,22.7
14.59817549,69.5545766,36.4
14.2,88.6,51.3
17.7,32.2,26
14.9,69.1,12.1
14.5,84.3,35.5
14.6,83.9,23.6
14.2,98.9,30.6
14.9,72.3,35.9
11.4,208.4,116.9
15.6,69.1,46.2
15,75,49.8
15,78.5,45.1
14.6,83.1,48.5
18,39.9,28.9
17,47.4,33.4
17.2,47.3,32
14.4,84.8,53.2
14.8,73,49.5
16.4,51.7,35.4
15.8,61.8,37.7
15.6,59.2,40.6
15.5,66,37.6
16.4,53.9,24.3
17.8,39.9,41.8
16.4,58,39.2
15.6,69.7,28.7
14.4,85.6,31.6
15.9,63.7,33.6
15.9,63.4,35.3
18,39.8,11.4
17.26,51,21.04
12.17,209.3,69
12.57,168.4,57
17.5,38.8,53.1
15.5,69.7,25.1
16.1,60.3,26.7
15.3,73.4,50.3
14.9,78.1,41.7
15.6,67.8,35.5
14.8,81.5,57.41
14.8,78.6,49.92
15.2,77.8,62.05
16.4,58.1,16
18.5,35.1,9.8
16.3,53.4,45.83
13.2,127.1,77.96
14.7,82.7,63.33
13.5,110.4,74.37
16.4,57.9,28.2
18.1,36.9,4.5
13.4,137.2,43.4
13.4,130,71.61
14.94998849,78.60733113,29.5
14.89355021,73.40501792,28.5
14.89947063,79.94227994,23.2
13.9,113.9,59.8
15.14034063,81.88818212,40.1
13.61621495,102.6122449,16.1
17.5,37.4,7.8
18.3,37.5,45.8
18,44.1,15.9
16.8,41.7,37.9
16.9,47.2,15.8
17,43.1,18
15.1575753,60.38031939,21.6
12.6,119.4,22.8
13.8,126.5,44.6
14.2,19,16
13.6,95.3,49.6
14.4,89.3,44.6
13,140.9,40.3
13.39023954,119.3477895,63.3
16.36915481,58.08145873,32.8
15.85069948,64.64571781,31.4
15.85069948,20.20692758,66.2
13.41292897,82.1573132,66.1
15.82119038,60.43704475,29.7
14.45333159,91.42430008,40.9
14.6847641,74.58860211,19.1
16.17296693,62.74509804,22
15.34300367,60.18387553,21
16.12082636,52.00774069,23.3
11.12528692,272.1070812,133.9
12.23993361,135.4605659,69.5
12,147.1,21.3
14.24974457,98.84481701,37.9
15.3,80.4,3.6
15.2236069,72.64197531,37.9
15.5,74.4,12
14.8078985,53.21313374,30
13.95462238,98.17837365,34
15,83.6,50.44
13.6,114,80.1
10.8,306.8,84.9
12.6,136.5,81.7
14,97.8,42.7
14.7,86.3,57.2
17.3,40.1,14.3
16.7,49.6,7.8
16.9,42.2,12
17.5,42.6,13.1
16.21,50.6,24
15.5,68,14
14.036148,93.35135135,53.6
14.291208,94.55128205,54.9
13.667292,96.55756208,71.9
13.698684,121.6507937,52.5
15.083856,72.99729973,35.6
14.346144,92.92875989,98.4
14.561964,90.40533607,30.1
13.836024,111.5176965,33.8
